class,xmin,ymin,xmax,ymax
0.0,126.31357,29.698189,137.36572,40.451225
0.0,124.821655,96.5867,136.99492,107.25581
0.0,124.531235,144.39828,137.8357,156.35085
0.0,123.92213,246.8977,137.26926,259.3084
0.0,5.544317,241.74261,18.0723,253.72307
0.0,5.9880342,300.9628,17.515038,314.18195
0.0,7.0910883,189.03378,18.569086,200.75676
0.0,7.805247,116.92092,19.248167,127.32259
