class,xmin,ymin,xmax,ymax
0.0,6.224657,41.448235,19.307367,51.671936
0.0,134.4214,106.28408,146.06133,118.3562
0.0,134.01524,141.35873,144.44417,153.2828
0.0,6.051044,145.3111,20.080439,156.379
0.0,6.644841,206.44794,18.226397,216.22897
0.0,131.74805,242.04211,143.10072,251.64952
0.0,7.542673,298.73102,20.072618,308.3309
