class,xmin,ymin,xmax,ymax
0.0,13.238676,54.88605,24.756721,64.51605
0.0,129.80641,127.89553,141.33371,139.693
0.0,9.2718315,184.4324,20.031881,196.12517
0.0,127.158646,208.18636,139.97627,220.75952
0.0,126.62262,296.70016,138.4829,311.13824
0.0,3.6267905,304.81522,15.63492,317.63522
