class,xmin,ymin,xmax,ymax
0.0,133.45532,25.412287,145.75467,36.165997
0.0,134.23259,73.40722,143.5018,85.119606
0.0,133.95642,128.81879,144.27283,139.8131
0.0,133.57468,205.17271,143.92955,215.41118
0.0,13.848225,279.14893,26.17353,290.263
0.0,16.013323,186.2523,26.074688,197.7344
0.0,16.661018,129.37837,27.787457,140.76335
0.0,16.202482,73.1221,27.300465,84.26156
