class,xmin,ymin,xmax,ymax
0.0,16.844366,66.34441,28.62691,76.18365
0.0,129.96527,129.63959,139.7774,140.49405
0.0,15.937849,198.1393,26.883526,209.97183
0.0,129.05498,203.82446,139.96231,215.27567
0.0,130.13866,284.96472,140.16727,297.99786
0.0,13.02412,320.12195,25.269936,332.9939
