class,xmin,ymin,xmax,ymax
0.0,13.010411,39.775486,24.349493,52.307655
0.0,13.232308,125.71704,24.481056,136.88277
0.0,128.76472,84.88854,139.51227,97.46134
0.0,127.3915,125.38763,139.14748,136.76782
0.0,128.02899,177.83546,138.6745,189.15495
0.0,13.448176,209.1963,24.610596,220.30354
0.0,13.579179,259.83786,23.680061,270.9139
0.0,126.509575,236.81961,139.1938,248.15215
0.0,125.78702,328.08646,137.31853,339.38254
