class,xmin,ymin,xmax,ymax
0.0,6.1557326,33.519226,18.838722,44.251057
0.0,132.7169,69.225746,144.21544,78.8861
0.0,133.14876,102.27721,144.63055,112.9628
0.0,134.92223,238.01111,146.26929,247.48355
0.0,134.14104,263.97336,147.71854,274.4761
0.0,9.44209,177.45978,24.174784,185.93965
0.0,8.795494,149.13922,21.36388,159.72769
0.0,13.552889,309.0202,25.940557,318.3882
