class,xmin,ymin,xmax,ymax
0.0,16.43216,52.166138,26.870108,60.44823
0.0,15.154196,103.362915,26.704535,114.920105
0.0,129.20757,49.949043,140.34769,59.1066
0.0,129.66362,120.558334,140.88548,130.97263
0.0,15.015567,136.38992,26.597725,147.03442
0.0,128.9863,173.65396,140.27396,185.28993
0.0,15.700338,224.1085,25.258234,233.94154
