class,xmin,ymin,xmax,ymax
0.0,14.686565,36.01677,25.786636,47.265392
0.0,127.21137,100.81848,137.44507,110.08009
0.0,14.984345,121.099,25.095316,131.32588
0.0,15.169292,173.92923,26.298641,183.14505
0.0,127.86141,206.05818,138.12125,215.316
0.0,128.18448,258.3629,138.4639,268.64563
0.0,16.56571,284.0972,25.709398,295.34988
0.0,127.57495,325.19778,138.89345,335.51843
