class,xmin,ymin,xmax,ymax
0.0,9.223759,91.86552,17.983429,106.439415
0.0,9.473547,128.09496,19.255281,141.56152
0.0,128.10468,151.10654,142.09448,167.64232
0.0,126.66056,-3.4969559,139.06914,12.643884
0.0,131.24245,227.71448,144.18747,243.52968
0.0,9.265069,240.04208,20.190104,251.69641
0.0,8.965433,195.2709,19.822235,208.43903
