class,xmin,ymin,xmax,ymax
0.0,12.615961,31.44117,23.88387,43.715126
0.0,7.8243628,112.21009,19.423798,123.77091
0.0,126.63097,64.513405,138.04417,77.78161
0.0,125.09198,105.39222,137.84245,117.8286
0.0,125.68885,161.08733,137.56761,173.65794
0.0,2.6849446,197.85931,14.694233,209.68037
0.0,-0.6622765,253.285,10.557338,265.97635
0.0,123.82706,227.54138,138.45618,240.81216
0.0,122.665726,338.96396,136.68436,354.3478
