class,xmin,ymin,xmax,ymax
0.0,14.046458,17.599987,24.64994,29.253479
0.0,15.576217,119.53813,25.44103,129.84372
0.0,15.26108,238.00868,26.40214,252.36717
0.0,136.64165,259.21313,150.73558,275.47354
0.0,133.71138,126.2913,146.16273,140.20462
0.0,139.69603,357.85712,154.1748,377.20844
0.0,129.04784,13.477299,143.48921,26.420914
