class,xmin,ymin,xmax,ymax
0.0,16.99369,40.28451,27.34705,49.930687
0.0,130.85663,63.17,141.09192,77.08274
0.0,16.918882,130.95348,27.3441,143.02864
0.0,130.68462,173.89339,142.01709,187.16182
0.0,15.806745,209.37717,28.388432,220.78867
0.0,132.20486,238.65927,143.58054,251.01738
0.0,15.756418,265.3508,27.339733,277.9285
0.0,131.76936,316.56607,143.21149,329.15396
