class,xmin,ymin,xmax,ymax
0.0,14.688375,68.84247,24.570263,77.1013
0.0,14.429954,119.75761,25.359644,128.04172
0.0,14.596293,282.33386,24.73175,293.86142
0.0,127.57194,284.0447,139.20908,294.7565
0.0,126.728645,169.68755,138.21736,180.2069
0.0,125.80941,45.00059,136.10297,54.43521
