class,xmin,ymin,xmax,ymax
0.0,12.767103,25.274666,23.903793,38.116287
0.0,12.898454,113.49755,24.080917,125.11363
0.0,128.56917,70.63358,139.47174,83.79324
0.0,127.78869,113.03761,139.78545,125.03698
0.0,129.26016,168.6271,140.20842,180.8066
0.0,13.02934,201.17436,24.259539,213.11766
0.0,13.110312,255.38763,23.345036,267.52582
0.0,128.62338,232.12737,141.78564,244.63937
0.0,129.32758,332.559,141.4573,345.48907
