class,xmin,ymin,xmax,ymax
0.0,14.120706,33.93395,25.454615,45.170418
0.0,13.0446205,130.81189,23.48828,140.0042
0.0,9.510182,242.03789,21.223825,253.96762
0.0,128.40977,246.64746,140.84097,259.08423
0.0,129.89146,129.91806,140.98805,141.58028
0.0,128.13048,331.73618,140.73369,345.98242
0.0,129.11221,29.273613,142.20679,40.995567
