class,xmin,ymin,xmax,ymax
0.0,127.32227,34.09009,139.61604,43.566204
0.0,128.28098,80.83313,137.4827,91.252945
0.0,128.21054,134.52798,138.40253,143.84866
0.0,128.11452,207.35397,138.26501,215.55592
0.0,16.29229,258.48398,27.362907,266.59305
0.0,16.90083,174.09503,26.010973,183.32214
0.0,16.656635,121.84931,26.803192,131.15146
0.0,15.397757,69.320694,25.572865,78.693565
