class,xmin,ymin,xmax,ymax
0.0,14.77349,95.14486,24.849213,106.68843
0.0,14.110955,127.9012,25.348812,138.60147
0.0,133.84027,171.11382,145.99065,182.97403
0.0,135.00385,48.649597,145.72588,58.913975
0.0,135.43196,232.52867,146.65062,244.64882
0.0,10.882608,229.3331,23.511446,239.41101
0.0,11.721275,188.58298,24.24933,199.57501
