class,xmin,ymin,xmax,ymax
0.0,17.358433,40.359966,28.078232,49.77615
0.0,17.671642,106.88782,27.330297,117.35351
0.0,131.88193,151.80736,144.16806,162.16948
0.0,17.286932,252.24455,29.084726,264.10342
0.0,132.34816,250.30507,142.59322,259.821
0.0,16.510355,314.59595,28.307663,325.56085
