class,xmin,ymin,xmax,ymax
0.0,9.27762,36.90977,21.579231,47.914116
0.0,131.23111,95.523605,142.36513,108.39447
0.0,131.05574,131.2857,141.015,143.87854
0.0,10.005307,141.0197,23.170416,152.69897
0.0,11.078416,202.19054,21.936747,212.36531
0.0,129.48692,233.45956,140.32202,243.55643
0.0,12.696181,294.06058,24.41681,303.9162
