class,xmin,ymin,xmax,ymax
0.0,15.31884,25.429113,26.76618,38.114285
0.0,127.75094,34.038914,138.76122,44.36108
0.0,127.74626,101.54085,138.75032,111.72435
0.0,128.74445,149.01427,138.74266,160.09462
0.0,128.73865,223.73724,138.73059,234.67589
0.0,127.733086,290.9802,138.71973,301.8239
0.0,16.604153,306.64166,28.01909,317.65854
0.0,16.528017,218.79645,27.95071,228.92838
0.0,16.450836,129.74745,26.844753,138.93434
